household_key,propensity_score
588,0.9989388208321432
1527,0.998848065418297
58,0.9988028650193018
1142,0.9987693249624383
2334,0.9987619818567762
2233,0.9987450969152887
1975,0.9986535375695265
2360,0.9986479226332133
1835,0.9986415554324521
2284,0.998593745444109
40,0.9985702173900776
113,0.9985588751084687
712,0.9985398834292196
641,0.9985376054882306
1272,0.9985235479777351
1337,0.9984939598426816
1602,0.9984618838236564
125,0.9984610324538643
361,0.9984248826686718
636,0.9984176655890925
2427,0.9983873389711903
1299,0.9983687664955752
2209,0.9983687661174453
1588,0.9983346647795487
2328,0.9983242066131306
762,0.998250056295312
766,0.9982469350229733
115,0.9982464589605828
1633,0.9982412888501281
1391,0.9982371011305736
219,0.9982044817864015
1850,0.998178389839734
2076,0.998171520632987
676,0.9981551756426565
1333,0.9981467318378162
2449,0.9981362211849782
1901,0.9981009341220892
2019,0.9980868439134412
982,0.9980863589043723
68,0.998086292175757
95,0.9980365051881944
243,0.9980157363826879
1216,0.9980106034441729
1856,0.9980100853007692
2208,0.9979789972821301
8,0.9979695701659019
304,0.9979683561659612
2252,0.9979571115600724
2280,0.9979133531181835
1803,0.9978949751947969
