preferred_category,discount_segment,customers,mean_propensity
LAXATIVES,medium,1,0.9985235479777351
FRZN MEAT/MEAT DINNERS,low,1,0.9984618838236564
COUPON/MISC ITEMS,low,6,0.9984543786772551
DINNER MXS:DRY,medium,1,0.9984176655890925
BEERS/ALES,low,2,0.9984001347036713
BEERS/ALES,medium,2,0.9983897051316037
COUPON/MISC ITEMS,medium,17,0.9983679179780557
FLUID MILK PRODUCTS,medium,2,0.9983369133366045
FLUID MILK PRODUCTS,low,1,0.9983346647795487
ISOTONIC DRINKS,low,1,0.9983242066131306
BEEF,medium,6,0.9983201384112287
DELI MEATS,medium,1,0.9982412888501281
SOFT DRINKS,medium,5,0.9982337984397874
PREPAID WIRELESS&ACCESSORIES,medium,1,0.9981009341220892
FRZN MEAT/MEAT DINNERS,medium,1,0.9979695701659019
CIGARETTES,medium,1,0.9979133531181835
LIQUOR,low,1,0.9978949751947969
